Coefficient;OTU;Phylum;Class;Order;Family;Genus;Value;Std.Error;DF;t-value;p-value;p.adjust;log10p;Change
M3;Otu000007;Proteobacteria;Gammaproteobacteria;Enterobacteriales;Enterobacteriaceae;Escherichia-Shigella;-1.000085482;0.37150223;126;-2.692003977;0.008067766;0.048981859;1.30996474;Decreased
M6;Otu000007;Proteobacteria;Gammaproteobacteria;Enterobacteriales;Enterobacteriaceae;Escherichia-Shigella;-1.116162015;0.37503196;126;-2.97617839;0.003500215;0.028535651;1.544612211;Decreased
M12;Otu000025;Actinobacteria;Actinobacteria;Bifidobacteriales;Bifidobacteriaceae;Bifidobacterium;-0.776317895;0.289142001;126;-2.684901855;0.008231535;0.049337924;1.306819129;Decreased
M12;Otu000028;Firmicutes;Negativicutes;Selenomonadales;Veillonellaceae;Megasphaera;-6.746354603;1.557225913;126;-4.332290226;2.99E-05;0.000820459;3.085943375;Decreased
M6;Otu000028;Firmicutes;Negativicutes;Selenomonadales;Veillonellaceae;Megasphaera;-3.794542232;1.242283373;126;-3.054490075;0.002751693;0.023759418;1.624164204;Decreased
Before;Otu000029;Firmicutes;Clostridia;Clostridiales;Ruminococcaceae;Ruminococcus;-1.029509519;0.310066979;126;-3.32028106;0.001176538;0.0136365;1.865297088;Decreased
M12;Otu000029;Firmicutes;Clostridia;Clostridiales;Ruminococcaceae;Ruminococcus;-1.302623083;0.429709596;126;-3.031403288;0.002955342;0.02493894;1.603122007;Decreased
Before;Otu000031;Firmicutes;Negativicutes;Selenomonadales;Veillonellaceae;Veillonella;-0.957482228;0.250575813;126;-3.821127885;0.000207605;0.003566352;2.447775769;Decreased
M12;Otu000035;Firmicutes;Clostridia;Clostridiales;Lachnospiraceae;Blautia;-1.527446154;0.461682667;126;-3.308432965;0.001223263;0.013841121;1.858828749;Decreased
Before;Otu000036;Firmicutes;Clostridia;Clostridiales;Ruminococcaceae;Faecalibacterium;-1.201948357;0.404870351;126;-2.96872407;0.003580468;0.028797971;1.540638116;Decreased
Before;Otu000045;Proteobacteria;Betaproteobacteria;Burkholderiales;Comamonadaceae;unclassified;-4.548641085;0.714370846;126;-6.367338632;3.27E-09;4.84E-07;6.314837034;Decreased
M12;Otu000045;Proteobacteria;Betaproteobacteria;Burkholderiales;Comamonadaceae;unclassified;-1.929599275;0.59472827;126;-3.244505723;0.001506734;0.015257668;1.816511828;Decreased
M12;Otu000049;Firmicutes;Negativicutes;Selenomonadales;Veillonellaceae;Megasphaera;-1.098575879;0.163230977;126;-6.730192384;5.35E-10;1.03E-07;6.987685957;Decreased
M3;Otu000049;Firmicutes;Negativicutes;Selenomonadales;Veillonellaceae;Megasphaera;-1.725861006;0.167477648;126;-10.30502297;1.96E-18;7.53E-16;15.12314287;Decreased
M6;Otu000049;Firmicutes;Negativicutes;Selenomonadales;Veillonellaceae;Megasphaera;-0.786340403;0.130129125;126;-6.042770225;1.59E-08;1.80E-06;5.745113159;Decreased
M12;Otu000071;Firmicutes;Clostridia;Clostridiales;Ruminococcaceae;Oscillospira;-1.009856732;0.323305226;126;-3.123539769;0.002217463;0.019936442;1.700352348;Decreased
M3;Otu000083;Firmicutes;Clostridia;Clostridiales;Ruminococcaceae;Oscillibacter;-0.984027476;0.308082584;126;-3.194037989;0.001772577;0.016717837;1.776819924;Decreased
M6;Otu000083;Firmicutes;Clostridia;Clostridiales;Ruminococcaceae;Oscillibacter;-1.132348431;0.314238845;126;-3.603464203;0.000450535;0.006468875;2.189171254;Decreased
Before;Otu000097;Proteobacteria;Gammaproteobacteria;Pasteurellales;Pasteurellaceae;Haemophilus;-1.61246115;0.382839907;126;-4.211841869;4.78E-05;0.001180013;2.9281132;Decreased
M6;Otu000113;Firmicutes;Bacilli;Lactobacillales;Streptococcaceae;Streptococcus;-0.845013483;0.281118612;126;-3.005896614;0.003196462;0.026739097;1.572853261;Decreased
M3;Otu000126;Bacteroidetes;Bacteroidia;Bacteroidales;Prevotellaceae;Prevotella;-1.500401295;0.368526317;126;-4.071354547;8.20E-05;0.001792779;2.746473293;Decreased
M6;Otu000140;Firmicutes;Clostridia;Clostridiales;Lachnospiraceae;Coprococcus;-2.157437621;0.448930168;126;-4.805730993;4.31E-06;0.0001574;3.802994847;Decreased
M12;Otu000150;Firmicutes;Clostridia;Clostridiales;Ruminococcaceae;Oscillibacter;-0.801875007;0.270579224;126;-2.963549809;0.003637166;0.028797971;1.540638116;Decreased
M3;Otu000150;Firmicutes;Clostridia;Clostridiales;Ruminococcaceae;Oscillibacter;-0.798079213;0.249715121;126;-3.195958699;0.001761708;0.016700577;1.777268512;Decreased
Before;Otu000191;Firmicutes;Clostridia;Clostridiales;Lachnospiraceae;Incertae_Sedis;-1.216592334;0.293143855;126;-4.150154649;6.07E-05;0.001373968;2.862023435;Decreased
M6;Otu000191;Firmicutes;Clostridia;Clostridiales;Lachnospiraceae;Incertae_Sedis;-0.90519875;0.305286573;126;-2.965078818;0.003620326;0.028797971;1.540638116;Decreased
M12;Otu000214;Firmicutes;Clostridia;Clostridiales;unclassified;unclassified;-1.039414859;0.382888504;126;-2.714667186;0.007564719;0.047408855;1.324140531;Decreased
Before;Otu000219;Firmicutes;Bacilli;Lactobacillales;Streptococcaceae;Streptococcus;-0.722811836;0.267894502;126;-2.698121203;0.00792908;0.04868517;1.312603307;Decreased
M12;Otu000219;Firmicutes;Bacilli;Lactobacillales;Streptococcaceae;Streptococcus;-0.886774776;0.320355329;126;-2.768097469;0.006489473;0.042906344;1.367478488;Decreased
M6;Otu000219;Firmicutes;Bacilli;Lactobacillales;Streptococcaceae;Streptococcus;-0.974142007;0.297293775;126;-3.276698295;0.001357098;0.014346462;1.843255185;Decreased
M6;Otu000227;Firmicutes;Clostridia;Clostridiales;Christensenellaceae;unclassified;-1.031035375;0.377560588;126;-2.730781249;0.007224537;0.045573799;1.341284768;Decreased
Before;Otu000244;Proteobacteria;Gammaproteobacteria;Enterobacteriales;Enterobacteriaceae;Hafnia;-2.450074179;0.521659885;126;-4.696688877;6.80E-06;0.000237971;3.623476119;Decreased
M12;Otu000257;Firmicutes;Clostridia;Clostridiales;Lachnospiraceae;unclassified;-1.020631621;0.362816483;126;-2.81307953;0.00569421;0.040278163;1.394930342;Decreased
M3;Otu000257;Firmicutes;Clostridia;Clostridiales;Lachnospiraceae;unclassified;-1.165116634;0.354598243;126;-3.285737189;0.001317648;0.014287473;1.845044578;Decreased
Before;Otu000263;Firmicutes;Clostridia;Clostridiales;Ruminococcaceae;Subdoligranulum;-1.125690145;0.416722208;126;-2.701296264;0.007857952;0.04858568;1.313491716;Decreased
Before;Otu000264;Firmicutes;Clostridia;Clostridiales;Lachnospiraceae;unclassified;-1.207454082;0.395336895;126;-3.054240818;0.00275382;0.023759418;1.624164204;Decreased
M6;Otu000264;Firmicutes;Clostridia;Clostridiales;Lachnospiraceae;unclassified;-1.165679831;0.397108797;126;-2.93541679;0.003960159;0.030847553;1.510779281;Decreased
Before;Otu000266;Proteobacteria;Gammaproteobacteria;Pasteurellales;Pasteurellaceae;unclassified;-1.590444294;0.534390733;126;-2.976182401;0.003500172;0.028535651;1.544612211;Decreased
M6;Otu000266;Proteobacteria;Gammaproteobacteria;Pasteurellales;Pasteurellaceae;unclassified;-1.411222131;0.512993891;126;-2.750953091;0.006818294;0.044198331;1.354594126;Decreased
M12;Otu000271;Actinobacteria;Coriobacteriia;Coriobacteriales;Coriobacteriaceae;unclassified;-1.243217794;0.404815319;126;-3.071073984;0.002613498;0.022856227;1.640995464;Decreased
M12;Otu000275;Firmicutes;Clostridia;Clostridiales;Ruminococcaceae;unclassified;-1.107609441;0.38745377;126;-2.858687993;0.004979635;0.036568007;1.436898714;Decreased
M12;Otu000305;Tenericutes;Mollicutes;RF9;unclassified;unclassified;-1.381155695;0.435497323;126;-3.171444744;0.001905202;0.017487078;1.757282756;Decreased
Before;Otu000340;Tenericutes;Mollicutes;RF9;unclassified;unclassified;-2.942219919;0.63064649;126;-4.665402828;7.75E-06;0.000266155;3.574864826;Decreased
M6;Otu000349;Firmicutes;Clostridia;Clostridiales;Ruminococcaceae;unclassified;-0.97540604;0.345450218;126;-2.823579167;0.005521874;0.039203265;1.406677763;Decreased
M12;Otu000352;Firmicutes;Clostridia;Clostridiales;Lachnospiraceae;Anaerostipes;-1.425496929;0.507599625;126;-2.808309655;0.005774111;0.040654677;1.390889488;Decreased
M6;Otu000352;Firmicutes;Clostridia;Clostridiales;Lachnospiraceae;Anaerostipes;-1.302408713;0.44276243;126;-2.941552005;0.003887553;0.030405085;1.517053772;Decreased
M12;Otu000373;Firmicutes;Negativicutes;Selenomonadales;Veillonellaceae;Allisonella;-1.629153893;0.469148921;126;-3.472573037;0.000706972;0.009209143;2.035780799;Decreased
M3;Otu000383;Tenericutes;Mollicutes;RF9;unclassified;unclassified;-1.271396594;0.458284316;126;-2.774252907;0.006374981;0.042588418;1.370708495;Decreased
M6;Otu000383;Tenericutes;Mollicutes;RF9;unclassified;unclassified;-1.824919435;0.516283189;126;-3.53472566;0.000571639;0.007691146;2.114008928;Decreased
Before;Otu000386;Bacteroidetes;Bacteroidia;Bacteroidales;Bacteroidaceae;Bacteroides;-0.886042817;0.316828246;126;-2.796602979;0.005974565;0.040762635;1.389737747;Decreased
M12;Otu000386;Bacteroidetes;Bacteroidia;Bacteroidales;Bacteroidaceae;Bacteroides;-1.557933691;0.428108967;126;-3.639105485;0.000397714;0.005905082;2.228774041;Decreased
M3;Otu000386;Bacteroidetes;Bacteroidia;Bacteroidales;Bacteroidaceae;Bacteroides;-1.187290374;0.351055162;126;-3.382062141;0.000958773;0.011824867;1.927203753;Decreased
M12;Otu000397;Firmicutes;Clostridia;Clostridiales;Ruminococcaceae;Sporobacter;-1.039034273;0.385919987;126;-2.692356729;0.008059709;0.048981859;1.30996474;Decreased
M3;Otu000397;Firmicutes;Clostridia;Clostridiales;Ruminococcaceae;Sporobacter;-1.206345468;0.368098094;126;-3.277239108;0.001354707;0.014346462;1.843255185;Decreased
M6;Otu000397;Firmicutes;Clostridia;Clostridiales;Ruminococcaceae;Sporobacter;-1.429955766;0.389776529;126;-3.668655393;0.000358416;0.005472959;2.261777817;Decreased
M12;Otu000399;Firmicutes;Clostridia;Clostridiales;Ruminococcaceae;unclassified;-1.113548352;0.407595077;126;-2.73199657;0.007199452;0.045564955;1.341369052;Decreased
M3;Otu000399;Firmicutes;Clostridia;Clostridiales;Ruminococcaceae;unclassified;-0.97397953;0.355780992;126;-2.737581694;0.007085189;0.045288716;1.344009993;Decreased
M12;Otu000402;Firmicutes;Clostridia;Clostridiales;Ruminococcaceae;Anaerotruncus;-1.361410797;0.490406712;126;-2.776085161;0.006341258;0.042510735;1.371501381;Decreased
M3;Otu000402;Firmicutes;Clostridia;Clostridiales;Ruminococcaceae;Anaerotruncus;-1.374639183;0.424628625;126;-3.237273945;0.001542401;0.015416291;1.812020113;Decreased
M3;Otu000428;Firmicutes;Clostridia;Clostridiales;Ruminococcaceae;unclassified;-2.769578963;0.555060358;126;-4.989689721;1.96E-06;8.58E-05;4.066377614;Decreased
Before;Otu000442;Firmicutes;Clostridia;Clostridiales;Family_XIII;unclassified;-0.90865698;0.286788289;126;-3.168389421;0.001923828;0.017542398;1.755911038;Decreased
M12;Otu000442;Firmicutes;Clostridia;Clostridiales;Family_XIII;unclassified;-1.363654474;0.361596897;126;-3.771200713;0.000248672;0.00412453;2.384625545;Decreased
M12;Otu000449;Firmicutes;Clostridia;Clostridiales;Lachnospiraceae;unclassified;-1.751746128;0.43076379;126;-4.066604874;8.35E-05;0.001804838;2.743561706;Decreased
M6;Otu000449;Firmicutes;Clostridia;Clostridiales;Lachnospiraceae;unclassified;-0.555181748;0.194821738;126;-2.849690976;0.005113741;0.03741003;1.427011943;Decreased
Before;Otu000467;Firmicutes;Clostridia;Clostridiales;Ruminococcaceae;Pseudoflavonifractor;-0.805645894;0.281790486;126;-2.859024472;0.004974683;0.036568007;1.436898714;Decreased
M12;Otu000467;Firmicutes;Clostridia;Clostridiales;Ruminococcaceae;Pseudoflavonifractor;-2.927765874;0.545638176;126;-5.365764354;3.73E-07;2.05E-05;4.688207605;Decreased
M3;Otu000467;Firmicutes;Clostridia;Clostridiales;Ruminococcaceae;Pseudoflavonifractor;-1.482815393;0.345613992;126;-4.290380093;3.52E-05;0.000927969;3.03246656;Decreased
M3;Otu000482;unclassified;unclassified;unclassified;unclassified;unclassified;-1.50040333;0.537142409;126;-2.793306403;0.006032147;0.040910977;1.388160146;Decreased
Before;Otu000508;Firmicutes;Clostridia;Clostridiales;Ruminococcaceae;unclassified;-1.311836557;0.429300513;126;-3.05575353;0.002740931;0.023759418;1.624164204;Decreased
Before;Otu000521;Firmicutes;Clostridia;Clostridiales;Lachnospiraceae;Marvinbryantia;-1.424941154;0.494184223;126;-2.883420976;0.004627388;0.034777716;1.458698938;Decreased
Before;Otu000529;Firmicutes;Clostridia;Clostridiales;Lachnospiraceae;Blautia;-1.301727615;0.356444434;126;-3.651979078;0.000380117;0.00575863;2.23968079;Decreased
M12;Otu000529;Firmicutes;Clostridia;Clostridiales;Lachnospiraceae;Blautia;-2.099201512;0.480415404;126;-4.369554958;2.58E-05;0.000728632;3.137491726;Decreased
M6;Otu000543;Firmicutes;Clostridia;Clostridiales;Christensenellaceae;unclassified;-0.889173526;0.319559883;126;-2.782494213;0.006224572;0.041874395;1.37805145;Decreased
M3;Otu000545;Firmicutes;Clostridia;Clostridiales;Ruminococcaceae;unclassified;-1.569953988;0.374243514;126;-4.195006537;5.11E-05;0.001228048;2.910784596;Decreased
M3;Otu000554;Tenericutes;Mollicutes;RF9;unclassified;unclassified;-1.727568269;0.632251721;126;-2.732405799;0.007191024;0.045564955;1.341369052;Decreased
Before;Otu000587;Firmicutes;Clostridia;Clostridiales;Ruminococcaceae;unclassified;-1.041462923;0.30537957;126;-3.410388333;0.000872113;0.010907787;1.962263353;Decreased
M3;Otu000587;Firmicutes;Clostridia;Clostridiales;Ruminococcaceae;unclassified;-1.215442999;0.325119324;126;-3.738452033;0.000279678;0.004560175;2.341018535;Decreased
M6;Otu000587;Firmicutes;Clostridia;Clostridiales;Ruminococcaceae;unclassified;-1.501970185;0.363288731;126;-4.134370424;6.45E-05;0.001442761;2.840805689;Decreased
M6;Otu000594;Firmicutes;Clostridia;Clostridiales;Ruminococcaceae;Subdoligranulum;-2.005482185;0.647450506;126;-3.097506554;0.002406444;0.021238525;1.672875648;Decreased
M3;Otu000605;Firmicutes;Clostridia;Clostridiales;Lachnospiraceae;Incertae_Sedis;-1.89360546;0.705681622;126;-2.683370802;0.008267232;0.049397995;1.306290679;Decreased
M12;Otu000622;Firmicutes;Clostridia;Clostridiales;Lachnospiraceae;unclassified;-2.646293622;0.73304296;126;-3.610011643;0.00044036;0.006418575;2.192561411;Decreased
M6;Otu000622;Firmicutes;Clostridia;Clostridiales;Lachnospiraceae;unclassified;-1.627426483;0.513242357;126;-3.170873293;0.001908673;0.017487078;1.757282756;Decreased
Before;Otu000626;Bacteroidetes;Bacteroidia;Bacteroidales;Bacteroidaceae;Bacteroides;-2.202037843;0.514243698;126;-4.282090088;3.64E-05;0.000945699;3.024246902;Decreased
M12;Otu000631;Actinobacteria;Coriobacteriia;Coriobacteriales;Coriobacteriaceae;Eggerthella;-2.233829413;0.686324949;126;-3.254769358;0.001457434;0.0149952;1.824047735;Decreased
M3;Otu000643;Firmicutes;Clostridia;unclassified;unclassified;unclassified;-1.625822994;0.602738896;126;-2.697391866;0.007945501;0.04868517;1.312603307;Decreased
Before;Otu000702;Firmicutes;Clostridia;Clostridiales;Lachnospiraceae;unclassified;-1.454871235;0.54147218;126;-2.686880855;0.008185601;0.049215926;1.307894336;Decreased
M12;Otu000725;Firmicutes;Clostridia;Clostridiales;Lachnospiraceae;Dorea;-1.359761558;0.501400457;126;-2.711927238;0.007623986;0.04762516;1.322163554;Decreased
M12;Otu000744;Firmicutes;Clostridia;Clostridiales;Lachnospiraceae;Marvinbryantia;-2.36940889;0.824943819;126;-2.872206369;0.004784177;0.035677354;1.447607365;Decreased
M3;Otu000783;Firmicutes;Clostridia;Clostridiales;Ruminococcaceae;unclassified;-1.221287028;0.369497701;126;-3.305262858;0.001236056;0.013841121;1.858828749;Decreased
M12;Otu000795;Firmicutes;Clostridia;Clostridiales;Ruminococcaceae;unclassified;-2.154146378;0.514427436;126;-4.187464021;5.26E-05;0.001248779;2.903514487;Decreased
M3;Otu000825;Firmicutes;Clostridia;Clostridiales;Lachnospiraceae;unclassified;-1.426204275;0.508018573;126;-2.807386087;0.005789699;0.040654677;1.390889488;Decreased
Before;Otu000981;Bacteroidetes;Bacteroidia;Bacteroidales;Bacteroidaceae;Bacteroides;-1.291878184;0.419438278;126;-3.080019762;0.002541646;0.022329344;1.651124037;Decreased
M12;Otu000981;Bacteroidetes;Bacteroidia;Bacteroidales;Bacteroidaceae;Bacteroides;-1.399154891;0.499955586;126;-2.798558373;0.005940647;0.040682221;1.390595348;Decreased
M12;Otu000004;Bacteroidetes;Bacteroidia;Bacteroidales;Bacteroidaceae;Bacteroides;0.491198749;0.178570471;126;2.750727745;0.006822715;0.044198331;1.354594126;Increased
Before;Otu000006;Bacteroidetes;Bacteroidia;Bacteroidales;Prevotellaceae;Prevotella;0.843507322;0.309667026;126;2.723917148;0.007367708;0.046325069;1.334183925;Increased
M12;Otu000006;Bacteroidetes;Bacteroidia;Bacteroidales;Prevotellaceae;Prevotella;2.164013125;0.352643383;126;6.136548215;1.01E-08;1.30E-06;5.887223587;Increased
M3;Otu000006;Bacteroidetes;Bacteroidia;Bacteroidales;Prevotellaceae;Prevotella;1.352163145;0.324592675;126;4.165722916;5.72E-05;0.001309523;2.882886841;Increased
M6;Otu000006;Bacteroidetes;Bacteroidia;Bacteroidales;Prevotellaceae;Prevotella;1.26313199;0.327215313;126;3.860247185;0.00018002;0.003207026;2.493897521;Increased
M12;Otu000015;Firmicutes;Clostridia;Clostridiales;Ruminococcaceae;unclassified;0.90865596;0.275085634;126;3.303174895;0.00124455;0.013841121;1.858828749;Increased
M3;Otu000017;Firmicutes;Clostridia;Clostridiales;Lachnospiraceae;Pseudobutyrivibrio;0.780679129;0.257145547;126;3.035942629;0.002914233;0.024700373;1.607296489;Increased
M12;Otu000020;Firmicutes;Clostridia;Clostridiales;Christensenellaceae;unclassified;1.195283291;0.349405734;126;3.420903483;0.000841856;0.0107267;1.969533855;Increased
M6;Otu000020;Firmicutes;Clostridia;Clostridiales;Christensenellaceae;unclassified;0.999792909;0.321451825;126;3.11024182;0.002312206;0.020500848;1.688228167;Increased
M12;Otu000033;Bacteroidetes;Bacteroidia;Bacteroidales;Bacteroidaceae;Bacteroides;1.422466052;0.25388324;126;5.602835584;1.26E-07;9.88E-06;5.005384174;Increased
M3;Otu000033;Bacteroidetes;Bacteroidia;Bacteroidales;Bacteroidaceae;Bacteroides;0.766749859;0.241707543;126;3.172221475;0.001900493;0.017487078;1.757282756;Increased
Before;Otu000040;Bacteroidetes;Bacteroidia;Bacteroidales;Prevotellaceae;Prevotella;0.867825323;0.284287123;126;3.052636766;0.002767549;0.023771269;1.623947636;Increased
M12;Otu000043;Bacteroidetes;Bacteroidia;Bacteroidales;Rikenellaceae;Alistipes;0.961634519;0.185641484;126;5.180062651;8.54E-07;4.21E-05;4.375237681;Increased
M3;Otu000043;Bacteroidetes;Bacteroidia;Bacteroidales;Rikenellaceae;Alistipes;0.53436644;0.186732551;126;2.861667336;0.00493594;0.036568007;1.436898714;Increased
M12;Otu000046;Bacteroidetes;Bacteroidia;Bacteroidales;Prevotellaceae;Alloprevotella;2.486076676;0.47648429;126;5.217541752;7.24E-07;3.66E-05;4.436014237;Increased
M3;Otu000046;Bacteroidetes;Bacteroidia;Bacteroidales;Prevotellaceae;Alloprevotella;1.67717746;0.469161862;126;3.574837587;0.000497688;0.006938777;2.158717098;Increased
M12;Otu000050;Bacteroidetes;Bacteroidia;Bacteroidales;Rikenellaceae;Alistipes;1.121005218;0.385827397;126;2.905457791;0.004332932;0.033346242;1.476953103;Increased
M3;Otu000050;Bacteroidetes;Bacteroidia;Bacteroidales;Rikenellaceae;Alistipes;0.989988191;0.352861154;126;2.805602656;0.00581991;0.040682221;1.390595348;Increased
M6;Otu000054;Bacteroidetes;Bacteroidia;Bacteroidales;S24-7;unclassified;1.500883102;0.463741427;126;3.236465439;0.001546437;0.015416291;1.812020113;Increased
M6;Otu000055;Firmicutes;Clostridia;Clostridiales;Ruminococcaceae;Ruminococcus;0.889212814;0.317385435;126;2.801681222;0.005886843;0.040682221;1.390595348;Increased
M12;Otu000056;Proteobacteria;Gammaproteobacteria;Aeromonadales;Succinivibrionaceae;Succinivibrio;1.711705006;0.493581525;126;3.467927624;0.000718213;0.009274107;2.032727913;Increased
M3;Otu000056;Proteobacteria;Gammaproteobacteria;Aeromonadales;Succinivibrionaceae;Succinivibrio;1.636598818;0.444179941;126;3.684540134;0.00033884;0.005300221;2.275706002;Increased
M12;Otu000057;Firmicutes;Clostridia;Clostridiales;Lachnospiraceae;Blautia;1.451540842;0.434896373;126;3.337670611;0.001110973;0.013033612;1.884935217;Increased
M6;Otu000057;Firmicutes;Clostridia;Clostridiales;Lachnospiraceae;Blautia;1.317305334;0.408386685;126;3.225632425;0.001601472;0.015640772;1.805741824;Increased
M12;Otu000065;Firmicutes;Clostridia;Clostridiales;Ruminococcaceae;Ruminococcus;1.014710173;0.352675151;126;2.877180798;0.00471404;0.035291102;1.452334783;Increased
M6;Otu000068;Firmicutes;Clostridia;Clostridiales;unclassified;unclassified;2.262810187;0.486084987;126;4.655173983;8.08E-06;0.000272803;3.564151496;Increased
M6;Otu000073;Firmicutes;Clostridia;Clostridiales;Ruminococcaceae;Incertae_Sedis;0.930649247;0.321412935;126;2.895494065;0.004463871;0.0340813;1.467483844;Increased
Before;Otu000080;Firmicutes;Clostridia;Clostridiales;unclassified;unclassified;1.707972129;0.380591606;126;4.487676816;1.60E-05;0.000489799;3.309981826;Increased
M12;Otu000080;Firmicutes;Clostridia;Clostridiales;unclassified;unclassified;2.909241279;0.448316063;126;6.489263974;1.79E-09;3.13E-07;6.50445667;Increased
M3;Otu000080;Firmicutes;Clostridia;Clostridiales;unclassified;unclassified;1.931800626;0.423172232;126;4.565045811;1.17E-05;0.000375484;3.42540914;Increased
M6;Otu000080;Firmicutes;Clostridia;Clostridiales;unclassified;unclassified;1.756311287;0.408894037;126;4.295272439;3.45E-05;0.000922948;3.034822586;Increased
M6;Otu000087;Proteobacteria;Gammaproteobacteria;Enterobacteriales;Enterobacteriaceae;unclassified;1.533089887;0.474895755;126;3.228266143;0.001587926;0.015640772;1.805741824;Increased
Before;Otu000088;Firmicutes;Clostridia;Clostridiales;unclassified;unclassified;1.565876573;0.436160658;126;3.590137127;0.000471936;0.006676511;2.17545041;Increased
M3;Otu000088;Firmicutes;Clostridia;Clostridiales;unclassified;unclassified;2.272294829;0.463135526;126;4.906328063;2.81E-06;0.000112578;3.9485472;Increased
M6;Otu000088;Firmicutes;Clostridia;Clostridiales;unclassified;unclassified;3.545782754;0.44219591;126;8.018578816;6.30E-13;2.02E-10;9.694804642;Increased
Before;Otu000093;Firmicutes;Clostridia;Clostridiales;Ruminococcaceae;Incertae_Sedis;0.70905871;0.217722204;126;3.256712901;0.001448269;0.0149952;1.824047735;Increased
M3;Otu000093;Firmicutes;Clostridia;Clostridiales;Ruminococcaceae;Incertae_Sedis;0.651837898;0.236133863;126;2.76045921;0.006634146;0.043268127;1.363831902;Increased
M12;Otu000094;Firmicutes;Clostridia;Clostridiales;unclassified;unclassified;1.467906641;0.296809318;126;4.945621819;2.37E-06;9.93E-05;4.003218903;Increased
Before;Otu000096;Firmicutes;Clostridia;Clostridiales;Ruminococcaceae;Ruminococcus;1.322665693;0.402950111;126;3.282455216;0.001331846;0.014287473;1.845044578;Increased
Before;Otu000101;Firmicutes;Clostridia;Clostridiales;Ruminococcaceae;unclassified;0.887154532;0.26490739;126;3.348923308;0.001070385;0.012695211;1.896360061;Increased
Before;Otu000103;Firmicutes;Clostridia;Clostridiales;Lachnospiraceae;unclassified;0.950433813;0.311935409;126;3.046893;0.002817229;0.023983843;1.620081222;Increased
M12;Otu000103;Firmicutes;Clostridia;Clostridiales;Lachnospiraceae;unclassified;1.064229887;0.361284726;126;2.945681926;0.003839369;0.030150798;1.52070119;Increased
M3;Otu000103;Firmicutes;Clostridia;Clostridiales;Lachnospiraceae;unclassified;1.049221542;0.325771104;126;3.220732374;0.00162696;0.015809453;1.801083149;Increased
M6;Otu000103;Firmicutes;Clostridia;Clostridiales;Lachnospiraceae;unclassified;1.102014606;0.33272671;126;3.312071358;0.001208733;0.013841121;1.858828749;Increased
M12;Otu000104;Firmicutes;Clostridia;Clostridiales;Lachnospiraceae;unclassified;1.637879687;0.40722335;126;4.022067222;9.88E-05;0.002088358;2.680195087;Increased
M3;Otu000104;Firmicutes;Clostridia;Clostridiales;Lachnospiraceae;unclassified;1.480794407;0.38452196;126;3.851000877;0.000186207;0.003286801;2.483226586;Increased
M6;Otu000104;Firmicutes;Clostridia;Clostridiales;Lachnospiraceae;unclassified;2.522291975;0.41332379;126;6.10246019;1.19E-08;1.43E-06;5.843662651;Increased
M3;Otu000109;Firmicutes;unclassified;unclassified;unclassified;unclassified;0.783209095;0.2304308;126;3.39889066;0.000906363;0.011250594;1.948824558;Increased
M6;Otu000111;unclassified;unclassified;unclassified;unclassified;unclassified;1.564014332;0.399565791;126;3.914284874;0.000147599;0.002811685;2.551033291;Increased
Before;Otu000117;Firmicutes;Clostridia;Clostridiales;Lachnospiraceae;Roseburia;1.237451629;0.428643926;126;2.886898784;0.004579731;0.034690561;1.459788672;Increased
M12;Otu000117;Firmicutes;Clostridia;Clostridiales;Lachnospiraceae;Roseburia;1.577935534;0.495811221;126;3.182532919;0.001839001;0.017175914;1.765080138;Increased
M3;Otu000117;Firmicutes;Clostridia;Clostridiales;Lachnospiraceae;Roseburia;1.495487257;0.453482443;126;3.297784251;0.001266732;0.013926817;1.856148119;Increased
Before;Otu000130;Firmicutes;Clostridia;Clostridiales;Ruminococcaceae;unclassified;1.746539667;0.361697284;126;4.828733151;3.91E-06;0.000147413;3.831464467;Increased
M12;Otu000130;Firmicutes;Clostridia;Clostridiales;Ruminococcaceae;unclassified;1.327539069;0.415388819;126;3.19589505;0.001762067;0.016700577;1.777268512;Increased
M6;Otu000130;Firmicutes;Clostridia;Clostridiales;Ruminococcaceae;unclassified;1.433602575;0.385709635;126;3.716792234;0.000302162;0.004824564;2.316541946;Increased
M12;Otu000132;Firmicutes;Clostridia;Clostridiales;Ruminococcaceae;unclassified;2.174279328;0.396245123;126;5.487207802;2.15E-07;1.43E-05;4.845837288;Increased
Before;Otu000133;unclassified;unclassified;unclassified;unclassified;unclassified;2.540533467;0.182520057;126;13.91920155;3.01E-27;1.93E-24;23.71463757;Increased
M12;Otu000133;unclassified;unclassified;unclassified;unclassified;unclassified;5.542600977;0.205531876;126;26.96711137;3.56E-54;3.42E-51;50.46548413;Increased
M3;Otu000133;unclassified;unclassified;unclassified;unclassified;unclassified;4.745947138;0.362282514;126;13.10012755;2.83E-25;1.36E-22;21.86662476;Increased
M6;Otu000133;unclassified;unclassified;unclassified;unclassified;unclassified;12.98297358;0.175866122;126;73.82305037;1.45E-105;2.79E-102;101.5542353;Increased
M6;Otu000146;Firmicutes;Clostridia;Clostridiales;Lachnospiraceae;Incertae_Sedis;1.405448459;0.471804685;126;2.978877711;0.003471565;0.028535651;1.544612211;Increased
M12;Otu000149;Firmicutes;Clostridia;Clostridiales;Ruminococcaceae;unclassified;0.92494325;0.337579087;126;2.739930538;0.007037629;0.045163709;1.345210398;Increased
M3;Otu000153;Firmicutes;Clostridia;Clostridiales;Lachnospiraceae;unclassified;1.084846992;0.365136795;126;2.971070038;0.00355503;0.028751601;1.541337971;Increased
M6;Otu000154;Firmicutes;Clostridia;Clostridiales;unclassified;unclassified;1.577818998;0.471345992;126;3.347475158;0.00107553;0.012695211;1.896360061;Increased
M3;Otu000157;Cyanobacteria;Melainabacteria;Gastranaerophilales;unclassified;unclassified;1.251345239;0.353209413;126;3.542785647;0.000555995;0.00753334;2.123012408;Increased
M6;Otu000157;Cyanobacteria;Melainabacteria;Gastranaerophilales;unclassified;unclassified;1.772425663;0.359989967;126;4.923541833;2.61E-06;0.000106805;3.97140782;Increased
M3;Otu000158;Tenericutes;Mollicutes;Anaeroplasmatales;Anaeroplasmataceae;Anaeroplasma;0.939211759;0.346641298;126;2.709462966;0.00767765;0.047805173;1.320525108;Increased
M12;Otu000169;Firmicutes;Clostridia;Clostridiales;Lachnospiraceae;Blautia;1.621442173;0.481401156;126;3.368172582;0.001004156;0.012227823;1.912650861;Increased
M6;Otu000169;Firmicutes;Clostridia;Clostridiales;Lachnospiraceae;Blautia;1.301991818;0.4499595;126;2.893575572;0.004489496;0.034141462;1.466717884;Increased
M12;Otu000170;Firmicutes;Clostridia;Clostridiales;Lachnospiraceae;Coprococcus;1.527119752;0.472714024;126;3.230536169;0.001576337;0.015633364;1.805947573;Increased
M3;Otu000170;Firmicutes;Clostridia;Clostridiales;Lachnospiraceae;Coprococcus;1.765168014;0.439560305;126;4.015758461;0.000101144;0.002113954;2.674904547;Increased
M6;Otu000170;Firmicutes;Clostridia;Clostridiales;Lachnospiraceae;Coprococcus;2.318459849;0.429269416;126;5.400943471;3.18E-07;1.85E-05;4.731661641;Increased
M3;Otu000171;Actinobacteria;Coriobacteriia;Coriobacteriales;Coriobacteriaceae;unclassified;0.793440078;0.26767869;126;2.96415108;0.003630535;0.028797971;1.540638116;Increased
M6;Otu000171;Actinobacteria;Coriobacteriia;Coriobacteriales;Coriobacteriaceae;unclassified;0.73491839;0.262529965;126;2.79936955;0.005926628;0.040682221;1.390595348;Increased
M3;Otu000173;Firmicutes;Clostridia;Clostridiales;Clostridiaceae_1;Clostridium_sensu_stricto_1;1.284944468;0.46340466;126;2.772834584;0.006401198;0.042615588;1.37043151;Increased
Before;Otu000175;Firmicutes;Clostridia;Clostridiales;Ruminococcaceae;Incertae_Sedis;1.13767725;0.341165676;126;3.334676753;0.001122012;0.013083338;1.883281438;Increased
M3;Otu000175;Firmicutes;Clostridia;Clostridiales;Ruminococcaceae;Incertae_Sedis;1.20149724;0.365836453;126;3.284246911;0.001324078;0.014287473;1.845044578;Increased
M6;Otu000175;Firmicutes;Clostridia;Clostridiales;Ruminococcaceae;Incertae_Sedis;1.963338383;0.353150578;126;5.559493619;1.54E-07;1.14E-05;4.942265374;Increased
M12;Otu000178;Firmicutes;Clostridia;Clostridiales;Ruminococcaceae;Incertae_Sedis;1.343406528;0.35154562;126;3.821428716;0.000207378;0.003566352;2.447775769;Increased
M3;Otu000178;Firmicutes;Clostridia;Clostridiales;Ruminococcaceae;Incertae_Sedis;0.895515037;0.319996939;126;2.798511261;0.005941462;0.040682221;1.390595348;Increased
M6;Otu000178;Firmicutes;Clostridia;Clostridiales;Ruminococcaceae;Incertae_Sedis;1.240604124;0.315067845;126;3.937577706;0.000135412;0.002631647;2.579772348;Increased
Before;Otu000184;Bacteroidetes;Bacteroidia;Bacteroidales;Rikenellaceae;Alistipes;0.991698955;0.307382645;126;3.226268529;0.001598191;0.015640772;1.805741824;Increased
M6;Otu000203;Proteobacteria;Alphaproteobacteria;Rhodospirillales;Rhodospirillaceae;Thalassospira;1.287929796;0.397632664;126;3.238993955;0.001533847;0.015416291;1.812020113;Increased
M3;Otu000205;Firmicutes;Clostridia;Clostridiales;Lachnospiraceae;Incertae_Sedis;0.843248629;0.298590694;126;2.824095482;0.005513523;0.039203265;1.406677763;Increased
M6;Otu000205;Firmicutes;Clostridia;Clostridiales;Lachnospiraceae;Incertae_Sedis;0.816359077;0.301900259;126;2.704068822;0.007796314;0.048387447;1.31526729;Increased
M6;Otu000208;Firmicutes;Clostridia;Clostridiales;unclassified;unclassified;1.280007667;0.304402522;126;4.204983773;4.91E-05;0.001196469;2.922098432;Increased
Before;Otu000211;Firmicutes;Clostridia;Clostridiales;Clostridiaceae_1;Clostridium_sensu_stricto_1;1.032245965;0.377512164;126;2.734338288;0.007151342;0.045560206;1.341414325;Increased
M12;Otu000211;Firmicutes;Clostridia;Clostridiales;Clostridiaceae_1;Clostridium_sensu_stricto_1;1.201085065;0.422864631;126;2.840353573;0.005256407;0.037978611;1.420460925;Increased
M3;Otu000211;Firmicutes;Clostridia;Clostridiales;Clostridiaceae_1;Clostridium_sensu_stricto_1;1.290626887;0.396113705;126;3.25822326;0.001441184;0.0149952;1.824047735;Increased
Before;Otu000216;Firmicutes;Clostridia;Clostridiales;Peptostreptococcaceae;Incertae_Sedis;1.191987635;0.375012416;126;3.178528452;0.001862659;0.017312827;1.761632005;Increased
M6;Otu000216;Firmicutes;Clostridia;Clostridiales;Peptostreptococcaceae;Incertae_Sedis;1.397260676;0.394139479;126;3.545091904;0.000551593;0.007526707;2.123395002;Increased
Before;Otu000221;Firmicutes;Clostridia;Clostridiales;Lachnospiraceae;Roseburia;1.208318705;0.334692796;126;3.610232187;0.000440021;0.006418575;2.192561411;Increased
M3;Otu000221;Firmicutes;Clostridia;Clostridiales;Lachnospiraceae;Roseburia;1.746996401;0.342566646;126;5.099727073;1.22E-06;5.85E-05;4.232810018;Increased
M6;Otu000221;Firmicutes;Clostridia;Clostridiales;Lachnospiraceae;Roseburia;1.367567471;0.350172157;126;3.905414648;0.000152509;0.002876736;2.54109994;Increased
M12;Otu000225;Proteobacteria;Betaproteobacteria;Burkholderiales;Oxalobacteraceae;unclassified;0.995733791;0.359535621;126;2.769499689;0.006463228;0.042880176;1.367743436;Increased
Before;Otu000228;Proteobacteria;Alphaproteobacteria;unclassified;unclassified;unclassified;1.594637302;0.357529081;126;4.460161111;1.79E-05;0.000530481;3.275330567;Increased
M3;Otu000228;Proteobacteria;Alphaproteobacteria;unclassified;unclassified;unclassified;1.345449016;0.375873627;126;3.579524928;0.000489661;0.006876694;2.162620303;Increased
M12;Otu000236;unclassified;unclassified;unclassified;unclassified;unclassified;2.093322871;0.359134059;126;5.828806318;4.40E-08;4.23E-06;5.37321404;Increased
M3;Otu000236;unclassified;unclassified;unclassified;unclassified;unclassified;1.476574126;0.333483211;126;4.42773152;2.04E-05;0.000595153;3.225371468;Increased
M6;Otu000236;unclassified;unclassified;unclassified;unclassified;unclassified;1.530843104;0.338823224;126;4.5181174;1.42E-05;0.000439941;3.356605537;Increased
Before;Otu000242;Firmicutes;Clostridia;Clostridiales;Ruminococcaceae;Incertae_Sedis;1.027139611;0.344314886;126;2.983140297;0.003426763;0.028296529;1.548266829;Increased
Before;Otu000245;Cyanobacteria;Melainabacteria;Gastranaerophilales;unclassified;unclassified;2.099159259;0.495491236;126;4.236521469;4.35E-05;0.001100298;2.958489524;Increased
M3;Otu000245;Cyanobacteria;Melainabacteria;Gastranaerophilales;unclassified;unclassified;1.977504744;0.508650487;126;3.887747666;0.000162756;0.002979537;2.525851174;Increased
M6;Otu000245;Cyanobacteria;Melainabacteria;Gastranaerophilales;unclassified;unclassified;1.445117196;0.527021426;126;2.742046384;0.006995036;0.045162579;1.345221266;Increased
Before;Otu000269;Firmicutes;Clostridia;Clostridiales;Ruminococcaceae;Ruminococcus;3.175625202;0.560078255;126;5.669966962;9.26E-08;8.10E-06;5.091552764;Increased
M12;Otu000269;Firmicutes;Clostridia;Clostridiales;Ruminococcaceae;Ruminococcus;3.721978357;0.591874861;126;6.288454883;4.82E-09;6.63E-07;6.17864658;Increased
M3;Otu000269;Firmicutes;Clostridia;Clostridiales;Ruminococcaceae;Ruminococcus;3.139036956;0.577961535;126;5.431221227;2.77E-07;1.67E-05;4.777895236;Increased
M6;Otu000269;Firmicutes;Clostridia;Clostridiales;Ruminococcaceae;Ruminococcus;3.962909433;0.554458819;126;7.147346737;6.32E-11;1.52E-08;7.818091886;Increased
Before;Otu000276;Proteobacteria;Alphaproteobacteria;Rhodospirillales;Rhodospirillaceae;unclassified;1.807302641;0.399165013;126;4.527708048;1.36E-05;0.00043006;3.366470494;Increased
M3;Otu000284;Firmicutes;Clostridia;Clostridiales;Lachnospiraceae;Incertae_Sedis;0.958647936;0.356529464;126;2.68883229;0.008140534;0.049150354;1.308473347;Increased
M6;Otu000284;Firmicutes;Clostridia;Clostridiales;Lachnospiraceae;Incertae_Sedis;1.107614062;0.355796913;126;3.113051352;0.002291882;0.020414725;1.690056471;Increased
M6;Otu000288;Cyanobacteria;Melainabacteria;Gastranaerophilales;unclassified;unclassified;1.87093173;0.503440451;126;3.716292021;0.000302701;0.004824564;2.316541946;Increased
Before;Otu000289;Firmicutes;Clostridia;Clostridiales;Ruminococcaceae;unclassified;1.539307983;0.363679839;126;4.232590912;4.41E-05;0.001102754;2.957521364;Increased
M12;Otu000289;Firmicutes;Clostridia;Clostridiales;Ruminococcaceae;unclassified;2.730790005;0.386455223;126;7.066252036;9.61E-11;2.05E-08;7.687211026;Increased
M3;Otu000289;Firmicutes;Clostridia;Clostridiales;Ruminococcaceae;unclassified;2.550395183;0.354780885;126;7.188648798;5.10E-11;1.40E-08;7.853120675;Increased
M6;Otu000289;Firmicutes;Clostridia;Clostridiales;Ruminococcaceae;unclassified;1.496762069;0.382114912;126;3.917047;0.000146101;0.002810982;2.551141978;Increased
M6;Otu000292;Firmicutes;Clostridia;Clostridiales;Christensenellaceae;unclassified;1.354736479;0.37978353;126;3.567128045;0.000511161;0.00707535;2.150252086;Increased
Before;Otu000294;unclassified;unclassified;unclassified;unclassified;unclassified;1.897888034;0.388100403;126;4.890198564;3.01E-06;0.000118147;3.927576047;Increased
M12;Otu000294;unclassified;unclassified;unclassified;unclassified;unclassified;1.313095944;0.455309251;126;2.883964998;0.004619904;0.034777716;1.458698938;Increased
Before;Otu000298;Firmicutes;Clostridia;Clostridiales;unclassified;unclassified;1.888335507;0.345325059;126;5.468284034;2.34E-07;1.50E-05;4.823074273;Increased
M6;Otu000298;Firmicutes;Clostridia;Clostridiales;unclassified;unclassified;2.037780129;0.35758112;126;5.69879117;8.10E-08;7.42E-06;5.129618976;Increased
M6;Otu000301;Bacteroidetes;Bacteroidia;Bacteroidales;Porphyromonadaceae;unclassified;1.184346401;0.279088615;126;4.243621329;4.23E-05;0.001084548;2.964751105;Increased
M12;Otu000302;Firmicutes;Clostridia;Clostridiales;Ruminococcaceae;unclassified;1.714309799;0.450855996;126;3.802344459;0.000222235;0.003750701;2.425887501;Increased
M6;Otu000302;Firmicutes;Clostridia;Clostridiales;Ruminococcaceae;unclassified;1.815766808;0.406531332;126;4.466486754;1.75E-05;0.000525211;3.279666564;Increased
M3;Otu000314;Firmicutes;Clostridia;Clostridiales;Lachnospiraceae;Incertae_Sedis;1.346331714;0.40027354;126;3.363529136;0.001019772;0.012339877;1.908689181;Increased
M12;Otu000315;unclassified;unclassified;unclassified;unclassified;unclassified;1.108486191;0.34159357;126;3.245044078;0.00150411;0.015257668;1.816511828;Increased
Before;Otu000316;Firmicutes;Clostridia;Clostridiales;unclassified;unclassified;1.47372633;0.436276538;126;3.377963746;0.00097196;0.011911155;1.924046122;Increased
M12;Otu000317;Bacteroidetes;Bacteroidia;Bacteroidales;Prevotellaceae;Prevotella;1.047499715;0.390766345;126;2.680629302;0.008331501;0.049627889;1.304274198;Increased
M3;Otu000320;Firmicutes;Clostridia;Clostridiales;Ruminococcaceae;Anaerofilum;1.351922056;0.355334576;126;3.804645387;0.000220391;0.003750701;2.425887501;Increased
M3;Otu000321;Firmicutes;Clostridia;Clostridiales;Ruminococcaceae;unclassified;1.120596263;0.327313233;126;3.423620403;0.0008342;0.010700011;1.970615794;Increased
M12;Otu000340;Tenericutes;Mollicutes;RF9;unclassified;unclassified;1.818767284;0.474397327;126;3.833848084;0.000198222;0.003467083;2.460035734;Increased
M3;Otu000341;Firmicutes;Clostridia;Clostridiales;Lachnospiraceae;Roseburia;1.094474927;0.407101292;126;2.688458499;0.008149149;0.049150354;1.308473347;Increased
M3;Otu000342;Firmicutes;Clostridia;Clostridiales;Ruminococcaceae;Anaerotruncus;0.75002503;0.268544601;126;2.792925375;0.006038834;0.040910977;1.388160146;Increased
M6;Otu000343;Firmicutes;Clostridia;Clostridiales;Lachnospiraceae;unclassified;1.514437284;0.419805101;126;3.607477092;0.000444272;0.006426919;2.191997144;Increased
Before;Otu000357;Firmicutes;Clostridia;Clostridiales;Lachnospiraceae;unclassified;1.169938929;0.321571556;126;3.638191581;0.000398992;0.005905082;2.228774041;Increased
M3;Otu000361;Proteobacteria;Alphaproteobacteria;Rhodospirillales;Rhodospirillaceae;Thalassospira;1.234814212;0.425450894;126;2.902366006;0.004373181;0.033521911;1.474671236;Increased
M6;Otu000361;Proteobacteria;Alphaproteobacteria;Rhodospirillales;Rhodospirillaceae;Thalassospira;1.566054525;0.429614123;126;3.645258483;0.00038921;0.005850309;2.23282123;Increased
M6;Otu000364;Firmicutes;Clostridia;unclassified;unclassified;unclassified;1.281671554;0.423123173;126;3.029074359;0.002976641;0.02500898;1.601904024;Increased
Before;Otu000370;Firmicutes;Clostridia;Clostridiales;Ruminococcaceae;Incertae_Sedis;1.099451344;0.384388957;126;2.860257364;0.004956575;0.036568007;1.436898714;Increased
M3;Otu000370;Firmicutes;Clostridia;Clostridiales;Ruminococcaceae;Incertae_Sedis;1.433360279;0.381761618;126;3.754595046;0.000263962;0.004340713;2.362438948;Increased
Before;Otu000373;Firmicutes;Negativicutes;Selenomonadales;Veillonellaceae;Allisonella;1.205695121;0.254994403;126;4.728319944;5.96E-06;0.000212419;3.672806632;Increased
M3;Otu000373;Firmicutes;Negativicutes;Selenomonadales;Veillonellaceae;Allisonella;1.037764728;0.282865153;126;3.668761306;0.000358282;0.005472959;2.261777817;Increased
M6;Otu000373;Firmicutes;Negativicutes;Selenomonadales;Veillonellaceae;Allisonella;0.911426371;0.271175889;126;3.361015518;0.001028319;0.012365539;1.907786959;Increased
Before;Otu000410;Firmicutes;Clostridia;Clostridiales;Christensenellaceae;unclassified;1.025747315;0.310499595;126;3.303538336;0.001243067;0.013841121;1.858828749;Increased
M12;Otu000410;Firmicutes;Clostridia;Clostridiales;Christensenellaceae;unclassified;1.04421346;0.347933073;126;3.001190574;0.003242884;0.027009995;1.568475496;Increased
M3;Otu000410;Firmicutes;Clostridia;Clostridiales;Christensenellaceae;unclassified;1.450330002;0.337315944;126;4.299618888;3.40E-05;0.000920092;3.036168776;Increased
M6;Otu000410;Firmicutes;Clostridia;Clostridiales;Christensenellaceae;unclassified;1.543393129;0.321263734;126;4.804131209;4.34E-06;0.0001574;3.802994847;Increased
M3;Otu000414;Firmicutes;Erysipelotrichia;Erysipelotrichales;Erysipelotrichaceae;Holdemania;0.978032454;0.354245871;126;2.760885968;0.006625987;0.043268127;1.363831902;Increased
M6;Otu000422;Firmicutes;Clostridia;Clostridiales;Lachnospiraceae;Howardella;0.929193529;0.328753119;126;2.826417383;0.005476113;0.039167442;1.407074792;Increased
M3;Otu000433;Firmicutes;Clostridia;Clostridiales;Lachnospiraceae;unclassified;1.443931667;0.449062211;126;3.215437931;0.001654925;0.015920375;1.798046718;Increased
M6;Otu000433;Firmicutes;Clostridia;Clostridiales;Lachnospiraceae;unclassified;1.771599522;0.443626068;126;3.993452251;0.000109968;0.002250839;2.647655592;Increased
M6;Otu000436;Firmicutes;Clostridia;Clostridiales;Lachnospiraceae;unclassified;1.135892055;0.278478082;126;4.078928031;7.97E-05;0.001762016;2.75399007;Increased
Before;Otu000437;unclassified;unclassified;unclassified;unclassified;unclassified;1.002772834;0.343550517;126;2.918851184;0.004162471;0.032163028;1.492643073;Increased
Before;Otu000450;Firmicutes;Clostridia;Clostridiales;Ruminococcaceae;unclassified;1.146685245;0.402999209;126;2.845378401;0.005179187;0.03765998;1.424119915;Increased
M6;Otu000464;Firmicutes;Clostridia;Clostridiales;Lachnospiraceae;unclassified;1.197822363;0.339786846;126;3.525216988;0.000590629;0.007891454;2.102842951;Increased
M3;Otu000469;Firmicutes;Clostridia;Clostridiales;Ruminococcaceae;Ruminococcus;1.067191355;0.355874179;126;2.998788387;0.003266819;0.027092068;1.567157836;Increased
M6;Otu000469;Firmicutes;Clostridia;Clostridiales;Ruminococcaceae;Ruminococcus;2.007651888;0.373015004;126;5.382228234;3.46E-07;1.96E-05;4.707882544;Increased
Before;Otu000475;Firmicutes;Clostridia;Clostridiales;Ruminococcaceae;Anaerotruncus;1.117636731;0.243545007;126;4.589035694;1.06E-05;0.00034612;3.460773664;Increased
M12;Otu000475;Firmicutes;Clostridia;Clostridiales;Ruminococcaceae;Anaerotruncus;1.078059796;0.277388833;126;3.88645709;0.000163529;0.002979537;2.525851174;Increased
M3;Otu000475;Firmicutes;Clostridia;Clostridiales;Ruminococcaceae;Anaerotruncus;0.762531196;0.25859745;126;2.948718931;0.003804287;0.029997739;1.522911479;Increased
M6;Otu000475;Firmicutes;Clostridia;Clostridiales;Ruminococcaceae;Anaerotruncus;0.919907389;0.264951733;126;3.471981018;0.000708396;0.009209143;2.035780799;Increased
Before;Otu000476;Firmicutes;Clostridia;Clostridiales;Ruminococcaceae;Anaerotruncus;1.544760934;0.563841815;126;2.739706229;0.007042158;0.045163709;1.345210398;Increased
M12;Otu000476;Firmicutes;Clostridia;Clostridiales;Ruminococcaceae;Anaerotruncus;3.140478089;0.56084515;126;5.599545775;1.28E-07;9.88E-06;5.005384174;Increased
M6;Otu000476;Firmicutes;Clostridia;Clostridiales;Ruminococcaceae;Anaerotruncus;2.690584782;0.551408725;126;4.879474446;3.15E-06;0.000121203;3.916486259;Increased
Before;Otu000491;Firmicutes;Clostridia;Clostridiales;Christensenellaceae;unclassified;1.025864108;0.371548734;126;2.761048592;0.006622879;0.043268127;1.363831902;Increased
Before;Otu000492;Lentisphaerae;Lentisphaeria;Victivallales;Victivallaceae;Victivallis;1.556858189;0.477622615;126;3.259598981;0.001434759;0.0149952;1.824047735;Increased
M12;Otu000492;Lentisphaerae;Lentisphaeria;Victivallales;Victivallaceae;Victivallis;1.697683061;0.533099181;126;3.184553875;0.001827168;0.017148642;1.765770256;Increased
M3;Otu000492;Lentisphaerae;Lentisphaeria;Victivallales;Victivallaceae;Victivallis;2.432196242;0.458032661;126;5.310093466;4.79E-07;2.56E-05;4.59176268;Increased
M6;Otu000492;Lentisphaerae;Lentisphaeria;Victivallales;Victivallaceae;Victivallis;1.596188477;0.486442817;126;3.281348642;0.001336666;0.014287473;1.845044578;Increased
M12;Otu000498;Firmicutes;Clostridia;Clostridiales;unclassified;unclassified;2.331883069;0.457961582;126;5.091874861;1.26E-06;5.91E-05;4.228614055;Increased
M6;Otu000498;Firmicutes;Clostridia;Clostridiales;unclassified;unclassified;2.354740584;0.400998311;126;5.872195763;3.59E-08;3.83E-06;5.416520516;Increased
Before;Otu000504;Actinobacteria;Coriobacteriia;Coriobacteriales;Coriobacteriaceae;unclassified;1.633314256;0.431451375;126;3.785627654;0.000236074;0.003949627;2.403443909;Increased
M3;Otu000504;Actinobacteria;Coriobacteriia;Coriobacteriales;Coriobacteriaceae;unclassified;1.318536175;0.449544545;126;2.933048991;0.003988512;0.030943133;1.509435721;Increased
M6;Otu000504;Actinobacteria;Coriobacteriia;Coriobacteriales;Coriobacteriaceae;unclassified;1.427611422;0.454384686;126;3.141856377;0.00209285;0.018904429;1.723436447;Increased
M6;Otu000512;Firmicutes;Clostridia;Clostridiales;Ruminococcaceae;unclassified;0.974270888;0.352875453;126;2.760948318;0.006624795;0.043268127;1.363831902;Increased
Before;Otu000516;Firmicutes;Clostridia;Clostridiales;unclassified;unclassified;1.339286248;0.360446594;126;3.715630194;0.000303416;0.004824564;2.316541946;Increased
Before;Otu000526;Firmicutes;Clostridia;unclassified;unclassified;unclassified;0.807296699;0.247930326;126;3.256143415;0.001450949;0.0149952;1.824047735;Increased
M6;Otu000526;Firmicutes;Clostridia;unclassified;unclassified;unclassified;0.720231738;0.257224608;126;2.800011021;0.005915564;0.040682221;1.390595348;Increased
Before;Otu000561;Firmicutes;Clostridia;Clostridiales;Ruminococcaceae;Incertae_Sedis;2.369515988;0.590453987;126;4.013040879;0.000102182;0.002113954;2.674904547;Increased
M12;Otu000561;Firmicutes;Clostridia;Clostridiales;Ruminococcaceae;Incertae_Sedis;2.509294896;0.634044252;126;3.957602154;0.000125708;0.002467982;2.607657981;Increased
M3;Otu000561;Firmicutes;Clostridia;Clostridiales;Ruminococcaceae;Incertae_Sedis;1.853244796;0.651435458;126;2.844863251;0.005187055;0.03765998;1.424119915;Increased
M6;Otu000561;Firmicutes;Clostridia;Clostridiales;Ruminococcaceae;Incertae_Sedis;2.408041578;0.618781658;126;3.89158526;0.000160476;0.002979537;2.525851174;Increased
Before;Otu000563;Firmicutes;Clostridia;Clostridiales;unclassified;unclassified;1.262817067;0.361941472;126;3.489009038;0.000668515;0.008809749;2.055036453;Increased
M6;Otu000563;Firmicutes;Clostridia;Clostridiales;unclassified;unclassified;2.048146853;0.388213907;126;5.275820409;5.58E-07;2.90E-05;4.537078652;Increased
M12;Otu000566;Bacteroidetes;Bacteroidia;Bacteroidales;Bacteroidaceae;Bacteroides;2.654864342;0.454316687;126;5.843642591;4.10E-08;4.16E-06;5.381352714;Increased
M3;Otu000566;Bacteroidetes;Bacteroidia;Bacteroidales;Bacteroidaceae;Bacteroides;1.707642654;0.439500098;126;3.885420414;0.000164153;0.002979537;2.525851174;Increased
M3;Otu000567;Proteobacteria;Deltaproteobacteria;Desulfovibrionales;Desulfovibrionaceae;unclassified;1.255079786;0.32355809;126;3.878993675;0.000168073;0.003022165;2.519681832;Increased
Before;Otu000574;Firmicutes;Erysipelotrichia;Erysipelotrichales;Erysipelotrichaceae;Incertae_Sedis;2.175737921;0.63756944;126;3.412550517;0.000865809;0.010907787;1.962263353;Increased
M3;Otu000574;Firmicutes;Erysipelotrichia;Erysipelotrichales;Erysipelotrichaceae;Incertae_Sedis;2.774297971;0.63172269;126;4.391638947;2.36E-05;0.000677273;3.169236273;Increased
M6;Otu000574;Firmicutes;Erysipelotrichia;Erysipelotrichales;Erysipelotrichaceae;Incertae_Sedis;2.515434503;0.63477611;126;3.962711359;0.00012334;0.002467982;2.607657981;Increased
M6;Otu000577;Firmicutes;Clostridia;Clostridiales;Ruminococcaceae;Anaerotruncus;1.752059826;0.346772102;126;5.052482071;1.49E-06;6.69E-05;4.174655889;Increased
Before;Otu000591;Firmicutes;Clostridia;Clostridiales;Ruminococcaceae;Papillibacter;1.45859654;0.316440084;126;4.60939247;9.76E-06;0.000323844;3.489663809;Increased
M12;Otu000591;Firmicutes;Clostridia;Clostridiales;Ruminococcaceae;Papillibacter;2.055947041;0.371748883;126;5.530472681;1.76E-07;1.26E-05;4.900777299;Increased
M3;Otu000591;Firmicutes;Clostridia;Clostridiales;Ruminococcaceae;Papillibacter;1.563755792;0.314748784;126;4.968266355;2.15E-06;9.20E-05;4.035992827;Increased
M6;Otu000591;Firmicutes;Clostridia;Clostridiales;Ruminococcaceae;Papillibacter;1.753114084;0.318583322;126;5.502843246;2.00E-07;1.38E-05;4.861624159;Increased
Before;Otu000599;unclassified;unclassified;unclassified;unclassified;unclassified;0.81681375;0.201562396;126;4.052411384;8.81E-05;0.001883278;2.725085532;Increased
M12;Otu000600;Firmicutes;Clostridia;Clostridiales;unclassified;unclassified;2.834412064;0.443580067;126;6.38985445;2.93E-09;4.70E-07;6.328315535;Increased
M3;Otu000600;Firmicutes;Clostridia;Clostridiales;unclassified;unclassified;1.626311367;0.457970355;126;3.551128039;0.000540228;0.007424277;2.129345804;Increased
M6;Otu000600;Firmicutes;Clostridia;Clostridiales;unclassified;unclassified;2.469311565;0.439074976;126;5.623895011;1.15E-07;9.59E-06;5.018053239;Increased
M3;Otu000601;Firmicutes;Clostridia;Clostridiales;Lachnospiraceae;unclassified;1.257415859;0.42324043;126;2.970925675;0.003556591;0.028751601;1.541337971;Increased
M12;Otu000605;Firmicutes;Clostridia;Clostridiales;Lachnospiraceae;Incertae_Sedis;1.171412632;0.356643435;126;3.284548427;0.001322774;0.014287473;1.845044578;Increased
Before;Otu000608;Actinobacteria;Coriobacteriia;Coriobacteriales;Coriobacteriaceae;unclassified;2.589842206;0.474379471;126;5.459431451;2.44E-07;1.51E-05;4.819803408;Increased
M3;Otu000608;Actinobacteria;Coriobacteriia;Coriobacteriales;Coriobacteriaceae;unclassified;2.125458917;0.490484696;126;4.333384786;2.97E-05;0.000820459;3.085943375;Increased
Before;Otu000630;Firmicutes;Clostridia;Clostridiales;unclassified;unclassified;1.76002266;0.443400976;126;3.969370287;0.000120318;0.002436763;2.613186755;Increased
M6;Otu000638;Firmicutes;Clostridia;Clostridiales;vadinBB60;unclassified;1.375703041;0.44079442;126;3.120962923;0.002235536;0.020005447;1.698851736;Increased
Before;Otu000645;Firmicutes;unclassified;unclassified;unclassified;unclassified;0.992213514;0.270385571;126;3.669624497;0.000357192;0.005472959;2.261777817;Increased
Before;Otu000647;Firmicutes;Clostridia;Clostridiales;Christensenellaceae;unclassified;0.906453999;0.251749092;126;3.600624694;0.000455016;0.006484828;2.188101567;Increased
Before;Otu000657;Firmicutes;Clostridia;Clostridiales;Ruminococcaceae;Incertae_Sedis;1.167374262;0.332967277;126;3.50597294;0.000630893;0.008371292;2.077207496;Increased
Before;Otu000667;Firmicutes;Clostridia;Clostridiales;Ruminococcaceae;unclassified;1.297876911;0.31059271;126;4.178710155;5.44E-05;0.001275959;2.894163157;Increased
M6;Otu000681;Firmicutes;Clostridia;Clostridiales;Ruminococcaceae;Faecalibacterium;1.915768726;0.579695856;126;3.30478251;0.001238005;0.013841121;1.858828749;Increased
Before;Otu000687;Firmicutes;Clostridia;Clostridiales;Lachnospiraceae;Shuttleworthia;1.733396158;0.467816294;126;3.7052924;0.000314786;0.004964328;2.304139546;Increased
M12;Otu000687;Firmicutes;Clostridia;Clostridiales;Lachnospiraceae;Shuttleworthia;1.679702248;0.507055649;126;3.312658587;0.001206403;0.013841121;1.858828749;Increased
M6;Otu000687;Firmicutes;Clostridia;Clostridiales;Lachnospiraceae;Shuttleworthia;1.698903899;0.506118272;126;3.356732985;0.001043037;0.012464616;1.904321111;Increased
Before;Otu000705;unclassified;unclassified;unclassified;unclassified;unclassified;0.971079628;0.341995808;126;2.83944892;0.005270421;0.037978611;1.420460925;Increased
M3;Otu000736;Firmicutes;Clostridia;Clostridiales;Ruminococcaceae;Intestinimonas;0.951095905;0.352210158;126;2.700364778;0.007878759;0.04858568;1.313491716;Increased
Before;Otu000740;Firmicutes;Clostridia;Clostridiales;unclassified;unclassified;1.551126182;0.470266311;126;3.29839954;0.001264182;0.013926817;1.856148119;Increased
M3;Otu000740;Firmicutes;Clostridia;Clostridiales;unclassified;unclassified;1.616399048;0.502339356;126;3.217743201;0.001642694;0.015882127;1.799091327;Increased
M6;Otu000740;Firmicutes;Clostridia;Clostridiales;unclassified;unclassified;1.446329393;0.487690912;126;2.965668129;0.003613855;0.028797971;1.540638116;Increased
M6;Otu000747;Firmicutes;Clostridia;Clostridiales;Ruminococcaceae;unclassified;1.548005961;0.370998066;126;4.172544562;5.57E-05;0.001290922;2.889100039;Increased
M12;Otu000778;Firmicutes;Clostridia;Clostridiales;Ruminococcaceae;Flavonifractor;1.104459551;0.344620102;126;3.204861081;0.001712134;0.016388789;1.785453144;Increased
M3;Otu000809;Firmicutes;Clostridia;Clostridiales;Christensenellaceae;unclassified;1.309112162;0.469834227;126;2.78632779;0.006155715;0.041556475;1.3813613;Increased
Before;Otu000811;Firmicutes;Clostridia;Clostridiales;Ruminococcaceae;Anaerotruncus;1.706607409;0.500462704;126;3.41005912;0.000873077;0.010907787;1.962263353;Increased
M3;Otu000811;Firmicutes;Clostridia;Clostridiales;Ruminococcaceae;Anaerotruncus;1.471727901;0.525898587;126;2.798501339;0.005941634;0.040682221;1.390595348;Increased
M6;Otu000811;Firmicutes;Clostridia;Clostridiales;Ruminococcaceae;Anaerotruncus;1.651625431;0.541999152;126;3.047284158;0.00281382;0.023983843;1.620081222;Increased
Before;Otu000863;Firmicutes;Clostridia;Clostridiales;Ruminococcaceae;Incertae_Sedis;1.151625701;0.227010606;126;5.073003943;1.37E-06;6.26E-05;4.203279156;Increased
M3;Otu000881;unclassified;unclassified;unclassified;unclassified;unclassified;1.318971088;0.405643416;126;3.251553057;0.001472719;0.015071866;1.821832962;Increased
M6;Otu000973;Firmicutes;Clostridia;Clostridiales;Ruminococcaceae;Intestinimonas;2.018780937;0.509751147;126;3.960326422;0.00012444;0.002467982;2.607657981;Increased
Before;Otu000994;Firmicutes;Clostridia;Clostridiales;Ruminococcaceae;unclassified;1.60170722;0.565310723;126;2.833321841;0.005366236;0.038524767;1.414259977;Increased
M12;Otu000994;Firmicutes;Clostridia;Clostridiales;Ruminococcaceae;unclassified;1.8618243;0.591628648;126;3.146947511;0.002059386;0.0186899;1.728393011;Increased
M12;Otu001128;Bacteroidetes;Bacteroidia;Bacteroidales;Bacteroidaceae;Bacteroides;1.720923002;0.639298378;126;2.691893274;0.008070296;0.048981859;1.30996474;Increased
